Element,Year,sum,mean,std
Export Quantity,2013,474287.0,4992.494736842105,13077.25816134976
Import Quantity,2013,448139.0,4717.252631578947,9086.148561419144
Production,2013,1482415.0,17237.383720930233,42070.41644899895
